{"DocumentId":"Sample-Filled-RTO-Form-30-e1556030745871","ContentType":"image/png","Length":1649,"Pages":[{"PageIndex":0,"Size":[0.0,0.0,592.0,671.0],"Sections":[{"IndexInText":0,"Language":"eng","Length":7,"Rotation":"None","SkewAngle":0.0,"Type":"Paragraph","WordGroups":[{"IndexInText":0,"Length":7,"Type":"Other","Words":[{"Box":[5.0,247.0,38.0,9.0],"Polygon":[247.0,5.0,285.0,5.0,285.0,14.0,247.0,14.0],"IndexInText":0,"OcrConfidence":-1.0,"Text":"FORM","VisualLineNumber":0},{"Box":[5.0,288.0,13.0,9.0],"Polygon":[288.0,5.0,301.0,5.0,301.0,14.0,288.0,14.0],"IndexInText":5,"OcrConfidence":-1.0,"Text":"M)","VisualLineNumber":0}]}]},{"IndexInText":9,"Language":"eng","Length":8,"Rotation":"None","SkewAngle":0.0,"Type":"Paragraph","WordGroups":[{"IndexInText":9,"Length":8,"Type":"Other","Words":[{"Box":[26.0,236.0,25.0,9.0],"Polygon":[236.0,26.0,261.0,26.0,261.0,35.0,236.0,35.0],"IndexInText":9,"OcrConfidence":-1.0,"Text":"Rule","VisualLineNumber":1},{"Box":[26.0,294.0,21.0,9.0],"Polygon":[294.0,26.0,315.0,26.0,315.0,35.0,294.0,35.0],"IndexInText":14,"OcrConfidence":-1.0,"Text":"and","VisualLineNumber":1}]}]},{"IndexInText":19,"Language":"eng","Length":71,"Rotation":"None","SkewAngle":0.0,"Type":"Paragraph","WordGroups":[{"IndexInText":19,"Length":71,"Type":"Other","Words":[{"Box":[48.0,72.0,88.0,9.0],"Polygon":[72.0,48.0,160.0,48.0,160.0,57.0,72.0,57.0],"IndexInText":19,"OcrConfidence":-1.0,"Text":"APPLICATION","VisualLineNumber":2},{"Box":[48.0,164.0,26.0,9.0],"Polygon":[164.0,48.0,190.0,48.0,190.0,57.0,164.0,57.0],"IndexInText":31,"OcrConfidence":-1.0,"Text":"FOR","VisualLineNumber":2},{"Box":[48.0,193.0,80.0,9.0],"Polygon":[193.0,48.0,273.0,48.0,273.0,57.0,193.0,57.0],"IndexInText":35,"OcrConfidence":-1.0,"Text":"IM'IMATION","VisualLineNumber":2},{"Box":[48.0,276.0,27.0,9.0],"Polygon":[276.0,48.0,303.0,48.0,303.0,57.0,276.0,57.0],"IndexInText":46,"OcrConfidence":-1.0,"Text":"AND","VisualLineNumber":2},{"Box":[48.0,306.0,67.0,9.0],"Polygon":[306.0,48.0,373.0,48.0,373.0,57.0,306.0,57.0],"IndexInText":50,"OcrConfidence":-1.0,"Text":"TRANSFER","VisualLineNumber":2},{"Box":[48.0,376.0,18.0,9.0],"Polygon":[376.0,48.0,394.0,48.0,394.0,57.0,376.0,57.0],"IndexInText":59,"OcrConfidence":-1.0,"Text":"OF","VisualLineNumber":2},{"Box":[48.0,396.0,79.0,9.0],"Polygon":[396.0,48.0,475.0,48.0,475.0,57.0,396.0,57.0],"IndexInText":62,"OcrConfidence":-1.0,"Text":"OWNERSHIP","VisualLineNumber":2},{"Box":[62.0,203.0,17.0,9.0],"Polygon":[203.0,62.0,220.0,62.0,220.0,71.0,203.0,71.0],"IndexInText":72,"OcrConfidence":-1.0,"Text":"OF","VisualLineNumber":3},{"Box":[62.0,223.0,9.0,9.0],"Polygon":[223.0,62.0,232.0,62.0,232.0,71.0,223.0,71.0],"IndexInText":75,"OcrConfidence":-1.0,"Text":"A","VisualLineNumber":3},{"Box":[62.0,236.0,48.0,9.0],"Polygon":[236.0,62.0,284.0,62.0,284.0,71.0,236.0,71.0],"IndexInText":77,"OcrConfidence":-1.0,"Text":"MOTOR","VisualLineNumber":3},{"Box":[62.0,287.0,57.9999,9.0],"Polygon":[287.0,62.0,345.0,62.0,345.0,71.0,287.0,71.0],"IndexInText":83,"OcrConfidence":-1.0,"Text":"VEHICLE","VisualLineNumber":3}]}]},{"IndexInText":92,"Language":"eng","Length":28,"Rotation":"None","SkewAngle":0.0,"Type":"Paragraph","WordGroups":[{"IndexInText":92,"Length":28,"Type":"Other","Words":[{"Box":[83.0,6.0,16.0,10.0],"Polygon":[6.0,83.0,22.0,83.0,22.0,93.0,6.0,93.0],"IndexInText":92,"OcrConfidence":-1.0,"Text":"(To","VisualLineNumber":4},{"Box":[82.0,42.0,24.0,9.0],"Polygon":[42.0,82.0,66.0,82.0,66.0,91.0,42.0,91.0],"IndexInText":96,"OcrConfidence":-1.0,"Text":"mack","VisualLineNumber":4},{"Box":[83.0,71.0,9.0,8.0],"Polygon":[71.0,83.0,80.0,83.0,80.0,91.0,71.0,91.0],"IndexInText":101,"OcrConfidence":-1.0,"Text":"in","VisualLineNumber":4},{"Box":[82.0,84.0,42.0,12.0],"Polygon":[84.0,82.0,126.0,82.0,126.0,94.0,84.0,94.0],"IndexInText":104,"OcrConfidence":-1.0,"Text":"duplicate","VisualLineNumber":4},{"Box":[83.0,131.0,8.0,8.0],"Polygon":[131.0,83.0,139.0,83.0,139.0,91.0,131.0,91.0],"IndexInText":114,"OcrConfidence":-1.0,"Text":"if","VisualLineNumber":4},{"Box":[82.0,142.0,14.0,9.0],"Polygon":[142.0,82.0,156.0,82.0,156.0,91.0,142.0,91.0],"IndexInText":117,"OcrConfidence":-1.0,"Text":"the","VisualLineNumber":4}]}]},{"IndexInText":122,"Language":"eng","Length":44,"Rotation":"None","SkewAngle":0.0,"Type":"Paragraph","WordGroups":[{"IndexInText":122,"Length":44,"Type":"Other","Words":[{"Box":[83.0,198.0,7.0,8.0],"Polygon":[198.0,83.0,205.0,83.0,205.0,91.0,198.0,91.0],"IndexInText":122,"OcrConfidence":-1.0,"Text":"is","VisualLineNumber":4},{"Box":[82.0,210.0,20.0,9.0],"Polygon":[210.0,82.0,230.0,82.0,230.0,91.0,210.0,91.0],"IndexInText":125,"OcrConfidence":-1.0,"Text":"held","VisualLineNumber":4},{"Box":[82.0,235.0,26.0,9.0],"Polygon":[235.0,82.0,261.0,82.0,261.0,91.0,235.0,91.0],"IndexInText":130,"OcrConfidence":-1.0,"Text":"under","VisualLineNumber":4},{"Box":[85.0,265.0,10.0,6.0],"Polygon":[265.0,85.0,275.0,85.0,275.0,91.0,265.0,91.0],"IndexInText":136,"OcrConfidence":-1.0,"Text":"an","VisualLineNumber":4},{"Box":[84.0,280.0,47.0,10.0],"Polygon":[280.0,84.0,327.0,84.0,327.0,94.0,280.0,94.0],"IndexInText":139,"OcrConfidence":-1.0,"Text":"agreement","VisualLineNumber":4},{"Box":[83.0,331.0,11.0,8.0],"Polygon":[331.0,83.0,342.0,83.0,342.0,91.0,331.0,91.0],"IndexInText":149,"OcrConfidence":-1.0,"Text":"of","VisualLineNumber":4},{"Box":[82.0,346.0,61.0001,12.0],"Polygon":[346.0,82.0,407.0,82.0,407.0,94.0,346.0,94.0],"IndexInText":152,"OcrConfidence":-1.0,"Text":"hire-purehaæ","VisualLineNumber":4},{"Box":[83.0,411.0,4.0,8.0],"Polygon":[411.0,83.0,415.0,83.0,415.0,91.0,411.0,91.0],"IndexInText":165,"OcrConfidence":-1.0,"Text":"/","VisualLineNumber":4}]}]},{"IndexInText":168,"Language":"eng","Length":20,"Rotation":"None","SkewAngle":0.0,"Type":"Paragraph","WordGroups":[{"IndexInText":168,"Length":20,"Type":"Other","Words":[{"Box":[83.0,447.0,4.0,8.0],"Polygon":[447.0,83.0,451.0,83.0,451.0,91.0,447.0,91.0],"IndexInText":168,"OcrConfidence":-1.0,"Text":"/","VisualLineNumber":4},{"Box":[82.0,455.0,66.9999,12.0],"Polygon":[455.0,82.0,522.0,82.0,522.0,94.0,455.0,94.0],"IndexInText":170,"OcrConfidence":-1.0,"Text":"hypothecation.","VisualLineNumber":4},{"Box":[82.0,526.0,18.0,9.0],"Polygon":[526.0,82.0,544.0,82.0,544.0,91.0,526.0,91.0],"IndexInText":185,"OcrConfidence":-1.0,"Text":"The","VisualLineNumber":4}]}]},{"IndexInText":190,"Language":"eng","Length":108,"Rotation":"None","SkewAngle":0.0,"Type":"Paragraph","WordGroups":[{"IndexInText":190,"Length":108,"Type":"Other","Words":[{"Box":[95.0,6.0,41.0,12.0],"Polygon":[6.0,95.0,47.0,95.0,47.0,107.0,6.0,107.0],"IndexInText":190,"OcrConfidence":-1.0,"Text":"duplicate","VisualLineNumber":5},{"Box":[98.0,51.0,22.0,9.0],"Polygon":[51.0,98.0,73.0,98.0,73.0,107.0,51.0,107.0],"IndexInText":200,"OcrConfidence":-1.0,"Text":"mpy","VisualLineNumber":5},{"Box":[95.0,77.0,19.0,9.0],"Polygon":[77.0,95.0,96.0,95.0,96.0,104.0,77.0,104.0],"IndexInText":204,"OcrConfidence":-1.0,"Text":"uith","VisualLineNumber":5},{"Box":[95.0,101.0,13.0,9.0],"Polygon":[101.0,95.0,114.0,95.0,114.0,104.0,101.0,104.0],"IndexInText":209,"OcrConfidence":-1.0,"Text":"the","VisualLineNumber":5},{"Box":[95.0,118.0,59.0,9.0],"Polygon":[118.0,95.0,177.0,95.0,177.0,104.0,118.0,104.0],"IndexInText":213,"OcrConfidence":-1.0,"Text":"endorænent","VisualLineNumber":5},{"Box":[96.0,180.0,10.0,8.0],"Polygon":[180.0,96.0,190.0,96.0,190.0,104.0,180.0,104.0],"IndexInText":224,"OcrConfidence":-1.0,"Text":"of","VisualLineNumber":5},{"Box":[95.0,194.0,13.0,9.0],"Polygon":[194.0,95.0,207.0,95.0,207.0,104.0,194.0,104.0],"IndexInText":227,"OcrConfidence":-1.0,"Text":"the","VisualLineNumber":5},{"Box":[96.0,212.0,51.0001,11.0],"Polygon":[212.0,96.0,263.0,96.0,263.0,107.0,212.0,107.0],"IndexInText":231,"OcrConfidence":-1.0,"Text":"Registering","VisualLineNumber":5},{"Box":[95.0,267.0,44.0,12.0],"Polygon":[267.0,95.0,311.0,95.0,311.0,107.0,267.0,107.0],"IndexInText":243,"OcrConfidence":-1.0,"Text":"Authority","VisualLineNumber":5},{"Box":[97.0,315.0,9.0,7.0],"Polygon":[315.0,97.0,324.0,97.0,324.0,104.0,315.0,104.0],"IndexInText":253,"OcrConfidence":-1.0,"Text":"to","VisualLineNumber":5},{"Box":[95.0,342.0,38.0,9.0],"Polygon":[342.0,95.0,380.0,95.0,380.0,104.0,342.0,104.0],"IndexInText":256,"OcrConfidence":-1.0,"Text":"returned","VisualLineNumber":5},{"Box":[97.0,384.0,9.0,7.0],"Polygon":[384.0,97.0,393.0,97.0,393.0,104.0,384.0,104.0],"IndexInText":265,"OcrConfidence":-1.0,"Text":"to","VisualLineNumber":5},{"Box":[95.0,397.0,13.0,9.0],"Polygon":[397.0,95.0,410.0,95.0,410.0,104.0,397.0,104.0],"IndexInText":268,"OcrConfidence":-1.0,"Text":"the","VisualLineNumber":5},{"Box":[96.0,415.0,42.0,8.0],"Polygon":[415.0,96.0,457.0,96.0,457.0,104.0,415.0,104.0],"IndexInText":272,"OcrConfidence":-1.0,"Text":"financier","VisualLineNumber":5},{"Box":[96.0,461.0,68.9998,11.0],"Polygon":[461.0,96.0,530.0,96.0,530.0,107.0,461.0,107.0],"IndexInText":282,"OcrConfidence":-1.0,"Text":"simultaæously","VisualLineNumber":5},{"Box":[98.0,533.0,11.0,6.0],"Polygon":[533.0,98.0,544.0,98.0,544.0,104.0,533.0,104.0],"IndexInText":296,"OcrConfidence":-1.0,"Text":"on","VisualLineNumber":5}]}]},{"IndexInText":300,"Language":"eng","Length":48,"Rotation":"None","SkewAngle":0.0,"Type":"Paragraph","WordGroups":[{"IndexInText":300,"Length":48,"Type":"Other","Words":[{"Box":[108.0,6.0,34.0,12.0],"Polygon":[6.0,108.0,40.0,108.0,40.0,120.0,6.0,120.0],"IndexInText":300,"OcrConfidence":-1.0,"Text":"making","VisualLineNumber":6},{"Box":[108.0,42.0,14.0,9.0],"Polygon":[42.0,108.0,56.0,108.0,56.0,117.0,42.0,117.0],"IndexInText":307,"OcrConfidence":-1.0,"Text":"the","VisualLineNumber":6},{"Box":[110.0,59.0,23.0,10.0],"Polygon":[59.0,110.0,82.0,110.0,82.0,120.0,59.0,120.0],"IndexInText":311,"OcrConfidence":-1.0,"Text":"entry","VisualLineNumber":6},{"Box":[109.0,84.0,11.0,8.0],"Polygon":[84.0,109.0,95.0,109.0,95.0,117.0,84.0,117.0],"IndexInText":317,"OcrConfidence":-1.0,"Text":"of","VisualLineNumber":6},{"Box":[108.0,97.0,13.0,9.0],"Polygon":[97.0,108.0,110.0,108.0,110.0,117.0,97.0,117.0],"IndexInText":320,"OcrConfidence":-1.0,"Text":"the","VisualLineNumber":6},{"Box":[109.0,114.0,34.0,8.0],"Polygon":[114.0,109.0,148.0,109.0,148.0,117.0,114.0,117.0],"IndexInText":324,"OcrConfidence":-1.0,"Text":"transfer","VisualLineNumber":6},{"Box":[109.0,151.0,10.0,8.0],"Polygon":[151.0,109.0,161.0,109.0,161.0,117.0,151.0,117.0],"IndexInText":333,"OcrConfidence":-1.0,"Text":"of","VisualLineNumber":6},{"Box":[108.0,163.0,47.0,12.0],"Polygon":[163.0,108.0,210.0,108.0,210.0,120.0,163.0,120.0],"IndexInText":336,"OcrConfidence":-1.0,"Text":"ownership","VisualLineNumber":6},{"Box":[109.0,212.0,9.0,8.0],"Polygon":[212.0,109.0,221.0,109.0,221.0,117.0,212.0,117.0],"IndexInText":346,"OcrConfidence":-1.0,"Text":"in","VisualLineNumber":6}]}]},{"IndexInText":350,"Language":"eng","Length":60,"Rotation":"None","SkewAngle":0.0,"Type":"Paragraph","WordGroups":[{"IndexInText":350,"Length":60,"Type":"Other","Words":[{"Box":[109.0,241.0,47.0,8.0],"Polygon":[241.0,109.0,288.0,109.0,288.0,117.0,241.0,117.0],"IndexInText":350,"OcrConfidence":-1.0,"Text":"Certificate","VisualLineNumber":6},{"Box":[109.0,291.0,10.0,8.0],"Polygon":[291.0,109.0,301.0,109.0,301.0,117.0,291.0,117.0],"IndexInText":362,"OcrConfidence":-1.0,"Text":"of","VisualLineNumber":6},{"Box":[109.0,302.0,56.0,11.0],"Polygon":[302.0,109.0,358.0,109.0,358.0,120.0,302.0,120.0],"IndexInText":365,"OcrConfidence":-1.0,"Text":"Registratim","VisualLineNumber":6},{"Box":[108.0,361.0,16.0,9.0],"Polygon":[361.0,108.0,377.0,108.0,377.0,117.0,361.0,117.0],"IndexInText":377,"OcrConfidence":-1.0,"Text":"and","VisualLineNumber":6},{"Box":[109.0,380.0,55.0001,11.0],"Polygon":[380.0,109.0,435.0,109.0,435.0,120.0,380.0,120.0],"IndexInText":381,"OcrConfidence":-1.0,"Text":"Regtstraticn","VisualLineNumber":6},{"Box":[108.0,438.0,33.0,9.0],"Polygon":[438.0,108.0,471.0,108.0,471.0,117.0,438.0,117.0],"IndexInText":394,"OcrConfidence":-1.0,"Text":"Rec«d","VisualLineNumber":6},{"Box":[109.0,474.0,8.0,8.0],"Polygon":[474.0,109.0,482.0,109.0,482.0,117.0,474.0,117.0],"IndexInText":400,"OcrConfidence":-1.0,"Text":"in","VisualLineNumber":6},{"Box":[109.0,485.0,24.0,8.0],"Polygon":[485.0,109.0,509.0,109.0,509.0,117.0,485.0,117.0],"IndexInText":403,"OcrConfidence":-1.0,"Text":"Rym","VisualLineNumber":6},{"Box":[109.0,512.0,15.0,10.0],"Polygon":[512.0,109.0,527.0,109.0,527.0,119.0,512.0,119.0],"IndexInText":407,"OcrConfidence":-1.0,"Text":"24)","VisualLineNumber":6}]}]},{"IndexInText":412,"Language":"eng","Length":80,"Rotation":"None","SkewAngle":0.0,"Type":"Paragraph","WordGroups":[{"IndexInText":412,"Length":29,"Type":"Sentence","Words":[{"Box":[150.0,46.0,20.0,9.0],"Polygon":[46.0,150.0,66.0,150.0,66.0,159.0,46.0,159.0],"IndexInText":412,"OcrConfidence":-1.0,"Text":"TIE","VisualLineNumber":7},{"Box":[150.0,69.0,58.0,12.0],"Polygon":[69.0,150.0,127.0,150.0,127.0,162.0,69.0,162.0],"IndexInText":416,"OcrConfidence":-1.0,"Text":"Registering","VisualLineNumber":7},{"Box":[150.0,130.0,47.9999,12.0],"Polygon":[130.0,150.0,178.0,150.0,178.0,162.0,130.0,162.0],"IndexInText":428,"OcrConfidence":-1.0,"Text":"Authority","VisualLineNumber":7},{"Box":[158.0,179.0,2.0,1.0],"Polygon":[179.0,158.0,181.0,158.0,181.0,159.0,179.0,159.0],"IndexInText":438,"OcrConfidence":-1.0,"Text":"_","VisualLineNumber":7},{"Box":[158.0,184.0,2.0,1.0],"Polygon":[184.0,158.0,186.0,158.0,186.0,159.0,184.0,159.0],"IndexInText":440,"OcrConfidence":-1.0,"Text":".","VisualLineNumber":7}]},{"IndexInText":442,"Length":50,"Type":"Other","Words":[{"Box":[145.0,206.0,87.9999,14.0],"Polygon":[206.0,145.0,294.0,145.0,294.0,159.0,206.0,159.0],"IndexInText":442,"OcrConfidence":-1.0,"Text":"VisakhapatQAm","VisualLineNumber":7},{"Box":[172.0,143.0,32.0,9.0],"Polygon":[143.0,172.0,175.0,172.0,175.0,181.0,143.0,181.0],"IndexInText":456,"OcrConfidence":-1.0,"Text":"PART","VisualLineNumber":8},{"Box":[172.0,179.0,40.0,9.0],"Polygon":[179.0,172.0,219.0,172.0,219.0,181.0,179.0,181.0],"IndexInText":461,"OcrConfidence":-1.0,"Text":"I-FOR","VisualLineNumber":8},{"Box":[172.0,222.0,25.0,9.0],"Polygon":[222.0,172.0,247.0,172.0,247.0,181.0,222.0,181.0],"IndexInText":467,"OcrConfidence":-1.0,"Text":"THE","VisualLineNumber":8},{"Box":[172.0,250.0,23.0,9.0],"Polygon":[250.0,172.0,273.0,172.0,273.0,181.0,250.0,181.0],"IndexInText":471,"OcrConfidence":-1.0,"Text":"USE","VisualLineNumber":8},{"Box":[172.0,277.0,16.0,9.0],"Polygon":[277.0,172.0,293.0,172.0,293.0,181.0,277.0,181.0],"IndexInText":475,"OcrConfidence":-1.0,"Text":"OF","VisualLineNumber":8},{"Box":[172.0,295.0,25.0,9.0],"Polygon":[295.0,172.0,320.0,172.0,320.0,181.0,295.0,181.0],"IndexInText":478,"OcrConfidence":-1.0,"Text":"THE","VisualLineNumber":8},{"Box":[172.0,322.0,82.0001,9.0],"Polygon":[322.0,172.0,404.0,172.0,404.0,181.0,322.0,181.0],"IndexInText":482,"OcrConfidence":-1.0,"Text":"TRANSFEROR","VisualLineNumber":8}]}]},{"IndexInText":494,"Language":"eng","Length":38,"Rotation":"None","SkewAngle":0.0,"Type":"Paragraph","WordGroups":[{"IndexInText":494,"Length":38,"Type":"Other","Words":[{"Box":[193.0,6.0,29.0,9.0],"Polygon":[6.0,193.0,35.0,193.0,35.0,202.0,6.0,202.0],"IndexInText":494,"OcrConfidence":-1.0,"Text":"Nane","VisualLineNumber":9},{"Box":[193.0,39.0,11.0,9.0],"Polygon":[39.0,193.0,50.0,193.0,50.0,202.0,39.0,202.0],"IndexInText":499,"OcrConfidence":-1.0,"Text":"of","VisualLineNumber":9},{"Box":[193.0,54.0,15.0,9.0],"Polygon":[54.0,193.0,69.0,193.0,69.0,202.0,54.0,202.0],"IndexInText":502,"OcrConfidence":-1.0,"Text":"the","VisualLineNumber":9},{"Box":[215.0,6.0,97.0,12.0],"Polygon":[6.0,215.0,103.0,215.0,103.0,227.0,6.0,227.0],"IndexInText":506,"OcrConfidence":-1.0,"Text":"Sorv'Wifu'Daughter","VisualLineNumber":10},{"Box":[215.0,106.0,23.0,9.0],"Polygon":[106.0,215.0,129.0,215.0,129.0,224.0,106.0,224.0],"IndexInText":525,"OcrConfidence":-1.0,"Text":"of...","VisualLineNumber":10},{"Box":[223.0,130.0,2.0,1.0],"Polygon":[130.0,223.0,132.0,223.0,132.0,224.0,130.0,224.0],"IndexInText":531,"OcrConfidence":-1.0,"Text":"_","VisualLineNumber":10}]}]},{"IndexInText":534,"Language":"zlm","Length":13,"Rotation":"None","SkewAngle":0.0,"Type":"Paragraph","WordGroups":[{"IndexInText":534,"Length":13,"Type":"Other","Words":[{"Box":[190.0,211.0,72.0,12.0],"Polygon":[211.0,190.0,283.0,190.0,283.0,202.0,211.0,202.0],"IndexInText":534,"OcrConfidence":-1.0,"Text":"Sunil_Kumar__","VisualLineNumber":9}]}]},{"IndexInText":549,"Language":"eng","Length":93,"Rotation":"None","SkewAngle":0.0,"Type":"Paragraph","WordGroups":[{"IndexInText":549,"Length":93,"Type":"Sentence","Words":[{"Box":[244.0,6.0,19.0,9.0],"Polygon":[6.0,244.0,25.0,244.0,25.0,253.0,6.0,253.0],"IndexInText":549,"OcrConfidence":-1.0,"Text":"Full","VisualLineNumber":11},{"Box":[244.0,29.0,91.0,9.0],"Polygon":[29.0,244.0,120.0,244.0,120.0,253.0,29.0,253.0],"IndexInText":554,"OcrConfidence":-1.0,"Text":"Address____________","VisualLineNumber":11},{"Box":[243.0,121.0,11.0,10.0],"Polygon":[121.0,243.0,132.0,243.0,132.0,253.0,121.0,253.0],"IndexInText":574,"OcrConfidence":-1.0,"Text":".D","VisualLineNumber":11},{"Box":[243.0,134.0,20.0,10.0],"Polygon":[134.0,243.0,154.0,243.0,154.0,253.0,134.0,253.0],"IndexInText":577,"OcrConfidence":-1.0,"Text":"No:","VisualLineNumber":11},{"Box":[252.0,155.0,2.0,1.0],"Polygon":[155.0,252.0,157.0,252.0,157.0,253.0,155.0,253.0],"IndexInText":581,"OcrConfidence":-1.0,"Text":"_","VisualLineNumber":11},{"Box":[243.0,158.0,58.0,12.0],"Polygon":[158.0,243.0,216.0,243.0,216.0,255.0,158.0,255.0],"IndexInText":583,"OcrConfidence":-1.0,"Text":"13-2-]5/2,","VisualLineNumber":11},{"Box":[243.0,218.0,56.0,10.0],"Polygon":[218.0,243.0,274.0,243.0,274.0,253.0,218.0,253.0],"IndexInText":594,"OcrConfidence":-1.0,"Text":"Maharani","VisualLineNumber":11},{"Box":[243.0,276.0,27.0,12.0],"Polygon":[276.0,243.0,303.0,243.0,303.0,255.0,276.0,255.0],"IndexInText":603,"OcrConfidence":-1.0,"Text":"Reta,","VisualLineNumber":11},{"Box":[243.0,305.0,53.0,13.0],"Polygon":[305.0,243.0,358.0,243.0,358.0,256.0,305.0,256.0],"IndexInText":609,"OcrConfidence":-1.0,"Text":"Anthony","VisualLineNumber":11},{"Box":[243.0,360.0,176.0001,13.0],"Polygon":[360.0,243.0,536.0,243.0,536.0,256.0,360.0,256.0],"IndexInText":617,"OcrConfidence":-1.0,"Text":"NagarvVisakhapatnamS3W03.","VisualLineNumber":11}]}]},{"IndexInText":644,"Language":"eng","Length":35,"Rotation":"None","SkewAngle":0.0,"Type":"Paragraph","WordGroups":[{"IndexInText":644,"Length":35,"Type":"Other","Words":[{"Box":[330.0,47.0,27.0,11.0],"Polygon":[47.0,330.0,74.0,330.0,74.0,341.0,47.0,341.0],"IndexInText":644,"OcrConfidence":-1.0,"Text":"VWe,","VisualLineNumber":12},{"Box":[330.0,88.0,33.0,12.0],"Polygon":[88.0,330.0,121.0,330.0,121.0,342.0,88.0,342.0],"IndexInText":649,"OcrConfidence":-1.0,"Text":"hereby","VisualLineNumber":12},{"Box":[330.0,138.0,36.0,9.0],"Polygon":[138.0,330.0,174.0,330.0,174.0,339.0,138.0,339.0],"IndexInText":656,"OcrConfidence":-1.0,"Text":"&clare","VisualLineNumber":12},{"Box":[330.0,190.0,19.0,9.0],"Polygon":[190.0,330.0,209.0,330.0,209.0,339.0,190.0,339.0],"IndexInText":663,"OcrConfidence":-1.0,"Text":"that","VisualLineNumber":12},{"Box":[330.0,225.0,25.0,9.0],"Polygon":[225.0,330.0,250.0,330.0,250.0,339.0,225.0,339.0],"IndexInText":668,"OcrConfidence":-1.0,"Text":"VWe","VisualLineNumber":12},{"Box":[330.0,265.0,24.0,9.0],"Polygon":[265.0,330.0,289.0,330.0,289.0,339.0,265.0,339.0],"IndexInText":672,"OcrConfidence":-1.0,"Text":"have","VisualLineNumber":12},{"Box":[333.0,305.0,13.0,6.0],"Polygon":[305.0,333.0,318.0,333.0,318.0,339.0,305.0,339.0],"IndexInText":677,"OcrConfidence":-1.0,"Text":"on","VisualLineNumber":12}]}]},{"IndexInText":681,"Language":"eng","Length":6,"Rotation":"None","SkewAngle":0.0,"Type":"Paragraph","WordGroups":[{"IndexInText":681,"Length":6,"Type":"Other","Words":[{"Box":[330.0,499.0,11.0,9.0],"Polygon":[499.0,330.0,510.0,330.0,510.0,339.0,499.0,339.0],"IndexInText":681,"OcrConfidence":-1.0,"Text":"of","VisualLineNumber":12},{"Box":[330.0,526.0,15.0,9.0],"Polygon":[526.0,330.0,541.0,330.0,541.0,339.0,526.0,339.0],"IndexInText":684,"OcrConfidence":-1.0,"Text":"the","VisualLineNumber":12}]}]},{"IndexInText":689,"Language":"eng","Length":59,"Rotation":"None","SkewAngle":0.0,"Type":"Paragraph","WordGroups":[{"IndexInText":689,"Length":59,"Type":"Other","Words":[{"Box":[350.0,46.0,28.0,9.0],"Polygon":[46.0,350.0,74.0,350.0,74.0,359.0,46.0,359.0],"IndexInText":689,"OcrConfidence":-1.0,"Text":"2017","VisualLineNumber":13},{"Box":[360.0,137.0,2.0,1.0],"Polygon":[137.0,360.0,139.0,360.0,139.0,361.0,137.0,361.0],"IndexInText":694,"OcrConfidence":-1.0,"Text":"_","VisualLineNumber":13},{"Box":[352.0,141.0,26.0,9.0],"Polygon":[141.0,352.0,167.0,352.0,167.0,361.0,141.0,361.0],"IndexInText":696,"OcrConfidence":-1.0,"Text":"-sold","VisualLineNumber":13},{"Box":[352.0,191.0,36.0,12.0],"Polygon":[191.0,352.0,227.0,352.0,227.0,364.0,191.0,364.0],"IndexInText":702,"OcrConfidence":-1.0,"Text":"my/our","VisualLineNumber":13},{"Box":[353.0,252.0,29.0,8.0],"Polygon":[252.0,353.0,281.0,353.0,281.0,361.0,252.0,361.0],"IndexInText":709,"OcrConfidence":-1.0,"Text":"n»tor","VisualLineNumber":13},{"Box":[352.0,305.0,36.9999,9.0],"Polygon":[305.0,352.0,342.0,352.0,342.0,361.0,305.0,361.0],"IndexInText":715,"OcrConfidence":-1.0,"Text":"vehicle","VisualLineNumber":13},{"Box":[352.0,365.0,38.0,12.0],"Polygon":[365.0,352.0,403.0,352.0,403.0,364.0,365.0,364.0],"IndexInText":723,"OcrConfidence":-1.0,"Text":"bearing","VisualLineNumber":13},{"Box":[352.0,427.0,61.0001,12.0],"Polygon":[427.0,352.0,488.0,352.0,488.0,364.0,427.0,364.0],"IndexInText":731,"OcrConfidence":-1.0,"Text":"Registration","VisualLineNumber":13},{"Box":[352.0,513.0,25.0,9.0],"Polygon":[513.0,352.0,538.0,352.0,538.0,361.0,513.0,361.0],"IndexInText":744,"OcrConfidence":-1.0,"Text":"nurk","VisualLineNumber":13}]}]},{"IndexInText":750,"Language":"ron","Length":13,"Rotation":"None","SkewAngle":0.0,"Type":"Paragraph","WordGroups":[{"IndexInText":750,"Length":13,"Type":"Other","Words":[{"Box":[382.0,11.0,2.0,1.0],"Polygon":[11.0,382.0,13.0,382.0,13.0,383.0,11.0,383.0],"IndexInText":750,"OcrConfidence":-1.0,"Text":".","VisualLineNumber":14},{"Box":[374.0,15.0,81.9999,10.0],"Polygon":[15.0,374.0,97.0,374.0,97.0,384.0,15.0,384.0],"IndexInText":752,"OcrConfidence":-1.0,"Text":"APAIIDXXXX.","VisualLineNumber":14}]}]},{"IndexInText":765,"Language":"nld","Length":34,"Rotation":"None","SkewAngle":0.0,"Type":"Paragraph","WordGroups":[{"IndexInText":765,"Length":34,"Type":"Other","Words":[{"Box":[382.0,166.0,2.0,1.0],"Polygon":[166.0,382.0,168.0,382.0,168.0,383.0,166.0,383.0],"IndexInText":765,"OcrConfidence":-1.0,"Text":"_","VisualLineNumber":14},{"Box":[375.0,173.0,9.0,8.0],"Polygon":[173.0,375.0,182.0,375.0,182.0,383.0,173.0,383.0],"IndexInText":767,"OcrConfidence":-1.0,"Text":"to","VisualLineNumber":14},{"Box":[374.0,186.0,46.0,9.0],"Polygon":[186.0,374.0,232.0,374.0,232.0,383.0,186.0,383.0],"IndexInText":770,"OcrConfidence":-1.0,"Text":"ShriJSmt","VisualLineNumber":14},{"Box":[382.0,246.0,2.0,1.0],"Polygon":[246.0,382.0,248.0,382.0,248.0,383.0,246.0,383.0],"IndexInText":779,"OcrConfidence":-1.0,"Text":"_","VisualLineNumber":14},{"Box":[372.0,259.0,89.0001,11.0],"Polygon":[259.0,372.0,348.0,372.0,348.0,383.0,259.0,383.0],"IndexInText":781,"OcrConfidence":-1.0,"Text":".KonuruEswara","VisualLineNumber":14},{"Box":[372.0,353.0,24.0,11.0],"Polygon":[353.0,372.0,377.0,372.0,377.0,383.0,353.0,383.0],"IndexInText":795,"OcrConfidence":-1.0,"Text":"Rao.","VisualLineNumber":14}]}]},{"IndexInText":801,"Language":"eng","Length":20,"Rotation":"None","SkewAngle":0.0,"Type":"Paragraph","WordGroups":[{"IndexInText":801,"Length":20,"Type":"Other","Words":[{"Box":[374.0,441.0,33.0,9.0],"Polygon":[441.0,374.0,474.0,374.0,474.0,383.0,441.0,383.0],"IndexInText":801,"OcrConfidence":-1.0,"Text":"SorvW","VisualLineNumber":14},{"Box":[374.0,475.0,43.0,12.0],"Polygon":[475.0,374.0,518.0,374.0,518.0,386.0,475.0,386.0],"IndexInText":807,"OcrConfidence":-1.0,"Text":"ife/Daug","VisualLineNumber":14},{"Box":[374.0,519.0,5.0,9.0],"Polygon":[519.0,374.0,524.0,374.0,524.0,383.0,519.0,383.0],"IndexInText":816,"OcrConfidence":-1.0,"Text":"h","VisualLineNumber":14},{"Box":[375.0,525.0,12.9999,8.0],"Polygon":[525.0,375.0,538.0,375.0,538.0,383.0,525.0,383.0],"IndexInText":818,"OcrConfidence":-1.0,"Text":"ter","VisualLineNumber":14}]}]},{"IndexInText":823,"Language":"zlm","Length":57,"Rotation":"None","SkewAngle":0.0,"Type":"Paragraph","WordGroups":[{"IndexInText":823,"Length":57,"Type":"Other","Words":[{"Box":[390.0,54.0,29.0,14.0],"Polygon":[54.0,390.0,83.0,390.0,83.0,404.0,54.0,404.0],"IndexInText":823,"OcrConfidence":-1.0,"Text":"'Sony","VisualLineNumber":15},{"Box":[393.0,85.0,13.0,11.0],"Polygon":[85.0,393.0,98.0,393.0,98.0,404.0,85.0,404.0],"IndexInText":829,"OcrConfidence":-1.0,"Text":"ru.","VisualLineNumber":15},{"Box":[390.0,99.0,34.0,14.0],"Polygon":[99.0,390.0,133.0,390.0,133.0,404.0,99.0,404.0],"IndexInText":833,"OcrConfidence":-1.0,"Text":"Yij?ya","VisualLineNumber":15},{"Box":[390.0,136.0,40.0,14.0],"Polygon":[136.0,390.0,176.0,390.0,176.0,404.0,136.0,404.0],"IndexInText":840,"OcrConfidence":-1.0,"Text":"Mphan","VisualLineNumber":15},{"Box":[416.0,7.0,52.0,11.0],"Polygon":[7.0,416.0,59.0,416.0,59.0,427.0,7.0,427.0],"IndexInText":846,"OcrConfidence":-1.0,"Text":"Madhura","VisualLineNumber":16},{"Box":[416.0,62.0,127.0,13.0],"Polygon":[62.0,416.0,189.0,416.0,189.0,429.0,62.0,429.0],"IndexInText":854,"OcrConfidence":-1.0,"Text":"WacWVjsakhapatnam","VisualLineNumber":16},{"Box":[417.0,191.0,48.0,10.0],"Polygon":[191.0,417.0,239.0,417.0,239.0,427.0,191.0,427.0],"IndexInText":872,"OcrConfidence":-1.0,"Text":"5300'W","VisualLineNumber":16},{"Box":[426.0,241.0,2.0,1.0],"Polygon":[241.0,426.0,243.0,426.0,243.0,427.0,241.0,427.0],"IndexInText":879,"OcrConfidence":-1.0,"Text":"_","VisualLineNumber":16}]}]},{"IndexInText":882,"Language":"eng","Length":70,"Rotation":"None","SkewAngle":0.0,"Type":"Paragraph","WordGroups":[{"IndexInText":882,"Length":70,"Type":"Other","Words":[{"Box":[395.0,323.0,40.0,12.0],"Polygon":[323.0,395.0,363.0,395.0,363.0,407.0,323.0,407.0],"IndexInText":882,"OcrConfidence":-1.0,"Text":"residing","VisualLineNumber":15},{"Box":[396.0,366.0,13.0,8.0],"Polygon":[366.0,396.0,379.0,396.0,379.0,404.0,366.0,404.0],"IndexInText":891,"OcrConfidence":-1.0,"Text":"at.","VisualLineNumber":15},{"Box":[403.0,381.0,2.0,1.0],"Polygon":[381.0,403.0,383.0,403.0,383.0,404.0,381.0,404.0],"IndexInText":895,"OcrConfidence":-1.0,"Text":"_","VisualLineNumber":15},{"Box":[394.0,385.0,12.0,10.0],"Polygon":[385.0,394.0,397.0,394.0,397.0,404.0,385.0,404.0],"IndexInText":897,"OcrConfidence":-1.0,"Text":"D","VisualLineNumber":15},{"Box":[394.0,398.0,23.0,10.0],"Polygon":[398.0,394.0,421.0,394.0,421.0,404.0,398.0,404.0],"IndexInText":899,"OcrConfidence":-1.0,"Text":"No:","VisualLineNumber":15},{"Box":[394.0,423.0,101.9998,12.0],"Polygon":[423.0,394.0,525.0,394.0,525.0,406.0,423.0,406.0],"IndexInText":903,"OcrConfidence":-1.0,"Text":"15,379-Chandram","VisualLineNumber":15},{"Box":[394.0,527.0,39.0,12.0],"Polygon":[527.0,394.0,566.0,394.0,566.0,406.0,527.0,406.0],"IndexInText":919,"OcrConfidence":-1.0,"Text":"Palem,","VisualLineNumber":15},{"Box":[447.0,416.0,2.0,1.0],"Polygon":[416.0,447.0,418.0,447.0,418.0,448.0,416.0,448.0],"IndexInText":926,"OcrConfidence":-1.0,"Text":"_","VisualLineNumber":17},{"Box":[447.0,420.0,2.0,1.0],"Polygon":[420.0,447.0,422.0,447.0,422.0,448.0,420.0,448.0],"IndexInText":928,"OcrConfidence":-1.0,"Text":"_","VisualLineNumber":17},{"Box":[447.0,424.0,2.0,1.0],"Polygon":[424.0,447.0,426.0,447.0,426.0,448.0,424.0,448.0],"IndexInText":930,"OcrConfidence":-1.0,"Text":"_","VisualLineNumber":17},{"Box":[439.0,428.0,31.0,11.0],"Polygon":[428.0,439.0,459.0,439.0,459.0,450.0,428.0,450.0],"IndexInText":932,"OcrConfidence":-1.0,"Text":"_„(full","VisualLineNumber":17},{"Box":[439.0,468.0,42.0,11.0],"Polygon":[468.0,439.0,510.0,439.0,510.0,450.0,468.0,450.0],"IndexInText":940,"OcrConfidence":-1.0,"Text":"address)","VisualLineNumber":17},{"Box":[439.0,520.0,18.0,9.0],"Polygon":[520.0,439.0,538.0,439.0,538.0,448.0,520.0,448.0],"IndexInText":949,"OcrConfidence":-1.0,"Text":"and","VisualLineNumber":17}]}]},{"IndexInText":954,"Language":"eng","Length":93,"Rotation":"None","SkewAngle":0.0,"Type":"Paragraph","WordGroups":[{"IndexInText":954,"Length":93,"Type":"Other","Words":[{"Box":[461.0,6.0,36.0,9.0],"Polygon":[6.0,461.0,42.0,461.0,42.0,470.0,6.0,470.0],"IndexInText":954,"OcrConfidence":-1.0,"Text":"handed","VisualLineNumber":18},{"Box":[464.0,45.0,22.0,6.0],"Polygon":[45.0,464.0,67.0,464.0,67.0,470.0,45.0,470.0],"IndexInText":961,"OcrConfidence":-1.0,"Text":"over","VisualLineNumber":18},{"Box":[461.0,71.0,15.0,9.0],"Polygon":[71.0,461.0,86.0,461.0,86.0,470.0,71.0,470.0],"IndexInText":966,"OcrConfidence":-1.0,"Text":"the","VisualLineNumber":18},{"Box":[461.0,89.0,52.0,9.0],"Polygon":[89.0,461.0,141.0,461.0,141.0,470.0,89.0,470.0],"IndexInText":970,"OcrConfidence":-1.0,"Text":"Certificate","VisualLineNumber":18},{"Box":[461.0,144.0,11.0,9.0],"Polygon":[144.0,461.0,155.0,461.0,155.0,470.0,144.0,470.0],"IndexInText":982,"OcrConfidence":-1.0,"Text":"of","VisualLineNumber":18},{"Box":[461.0,157.0,62.0001,12.0],"Polygon":[157.0,461.0,219.0,461.0,219.0,473.0,157.0,473.0],"IndexInText":985,"OcrConfidence":-1.0,"Text":"Registration","VisualLineNumber":18},{"Box":[461.0,222.0,18.0,9.0],"Polygon":[222.0,461.0,240.0,461.0,240.0,470.0,222.0,470.0],"IndexInText":998,"OcrConfidence":-1.0,"Text":"and","VisualLineNumber":18},{"Box":[461.0,243.0,15.0,9.0],"Polygon":[243.0,461.0,258.0,461.0,258.0,470.0,243.0,470.0],"IndexInText":1002,"OcrConfidence":-1.0,"Text":"tte","VisualLineNumber":18},{"Box":[461.0,261.0,53.0,9.0],"Polygon":[261.0,461.0,314.0,461.0,314.0,470.0,261.0,470.0],"IndexInText":1006,"OcrConfidence":-1.0,"Text":"Certificate","VisualLineNumber":18},{"Box":[461.0,317.0,11.0,9.0],"Polygon":[317.0,461.0,328.0,461.0,328.0,470.0,317.0,470.0],"IndexInText":1018,"OcrConfidence":-1.0,"Text":"of","VisualLineNumber":18},{"Box":[461.0,330.0,49.0002,9.0],"Polygon":[330.0,461.0,379.0,461.0,379.0,470.0,330.0,470.0],"IndexInText":1021,"OcrConfidence":-1.0,"Text":"Insurance","VisualLineNumber":18},{"Box":[462.0,382.0,10.0,8.0],"Polygon":[382.0,462.0,392.0,462.0,392.0,470.0,382.0,470.0],"IndexInText":1031,"OcrConfidence":-1.0,"Text":"to","VisualLineNumber":18},{"Box":[461.0,395.0,68.9998,9.0],"Polygon":[395.0,461.0,464.0,461.0,464.0,470.0,395.0,470.0],"IndexInText":1034,"OcrConfidence":-1.0,"Text":"hilWher/them.","VisualLineNumber":18}]}]},{"IndexInText":1049,"Language":"eng","Length":88,"Rotation":"None","SkewAngle":0.0,"Type":"Paragraph","WordGroups":[{"IndexInText":1049,"Length":88,"Type":"Sentence","Words":[{"Box":[490.0,47.0,24.0,9.0],"Polygon":[47.0,490.0,71.0,490.0,71.0,499.0,47.0,499.0],"IndexInText":1049,"OcrConfidence":-1.0,"Text":"VWe","VisualLineNumber":19},{"Box":[490.0,76.0,34.0,12.0],"Polygon":[76.0,490.0,110.0,490.0,110.0,502.0,76.0,502.0],"IndexInText":1053,"OcrConfidence":-1.0,"Text":"hereby","VisualLineNumber":19},{"Box":[490.0,116.0,35.0,9.0],"Polygon":[116.0,490.0,151.0,490.0,151.0,499.0,116.0,499.0],"IndexInText":1060,"OcrConfidence":-1.0,"Text":"declare","VisualLineNumber":19},{"Box":[490.0,157.0,18.0,9.0],"Polygon":[157.0,490.0,175.0,490.0,175.0,499.0,157.0,499.0],"IndexInText":1068,"OcrConfidence":-1.0,"Text":"that","VisualLineNumber":19},{"Box":[491.0,181.0,9.0,8.0],"Polygon":[181.0,491.0,190.0,491.0,190.0,499.0,181.0,499.0],"IndexInText":1073,"OcrConfidence":-1.0,"Text":"to","VisualLineNumber":19},{"Box":[490.0,195.0,15.0,9.0],"Polygon":[195.0,490.0,210.0,490.0,210.0,499.0,195.0,499.0],"IndexInText":1076,"OcrConfidence":-1.0,"Text":"the","VisualLineNumber":19},{"Box":[490.0,215.0,20.0,9.0],"Polygon":[215.0,490.0,235.0,490.0,235.0,499.0,215.0,499.0],"IndexInText":1080,"OcrConfidence":-1.0,"Text":"best","VisualLineNumber":19},{"Box":[490.0,241.0,11.0,9.0],"Polygon":[241.0,490.0,252.0,490.0,252.0,499.0,241.0,499.0],"IndexInText":1085,"OcrConfidence":-1.0,"Text":"of","VisualLineNumber":19},{"Box":[490.0,256.0,36.0,12.0],"Polygon":[256.0,490.0,292.0,490.0,292.0,502.0,256.0,502.0],"IndexInText":1088,"OcrConfidence":-1.0,"Text":"my/our","VisualLineNumber":19},{"Box":[504.0,5.0,37.0,9.0],"Polygon":[5.0,504.0,42.0,504.0,42.0,513.0,5.0,513.0],"IndexInText":1095,"OcrConfidence":-1.0,"Text":"vehicle","VisualLineNumber":20},{"Box":[504.0,45.0,16.0,9.0],"Polygon":[45.0,504.0,61.0,504.0,61.0,513.0,45.0,513.0],"IndexInText":1103,"OcrConfidence":-1.0,"Text":"has","VisualLineNumber":20},{"Box":[506.0,65.0,16.0,7.0],"Polygon":[65.0,506.0,81.0,506.0,81.0,513.0,65.0,513.0],"IndexInText":1107,"OcrConfidence":-1.0,"Text":"not","VisualLineNumber":20},{"Box":[504.0,84.0,24.0,9.0],"Polygon":[84.0,504.0,108.0,504.0,108.0,513.0,84.0,513.0],"IndexInText":1111,"OcrConfidence":-1.0,"Text":"been","VisualLineNumber":20},{"Box":[504.0,111.0,51.0,12.0],"Polygon":[111.0,504.0,162.0,504.0,162.0,516.0,111.0,516.0],"IndexInText":1116,"OcrConfidence":-1.0,"Text":"susvrn&d","VisualLineNumber":20},{"Box":[507.0,166.0,10.0,6.0],"Polygon":[166.0,507.0,176.0,507.0,176.0,513.0,166.0,513.0],"IndexInText":1125,"OcrConfidence":-1.0,"Text":"or","VisualLineNumber":20},{"Box":[504.0,179.0,50.0001,9.0],"Polygon":[179.0,504.0,229.0,504.0,229.0,513.0,179.0,513.0],"IndexInText":1128,"OcrConfidence":-1.0,"Text":"cancelkd.","VisualLineNumber":20}]}]},{"IndexInText":1139,"Language":"eng","Length":38,"Rotation":"None","SkewAngle":0.0,"Type":"Paragraph","WordGroups":[{"IndexInText":1139,"Length":38,"Type":"Other","Words":[{"Box":[490.0,357.0,16.0,9.0],"Polygon":[357.0,490.0,373.0,490.0,373.0,499.0,357.0,499.0],"IndexInText":1139,"OcrConfidence":-1.0,"Text":"the","VisualLineNumber":19},{"Box":[490.0,378.0,49.9998,9.0],"Polygon":[378.0,490.0,428.0,490.0,428.0,499.0,378.0,499.0],"IndexInText":1143,"OcrConfidence":-1.0,"Text":"certificate","VisualLineNumber":19},{"Box":[490.0,432.0,12.0,9.0],"Polygon":[432.0,490.0,444.0,490.0,444.0,499.0,432.0,499.0],"IndexInText":1155,"OcrConfidence":-1.0,"Text":"of","VisualLineNumber":19},{"Box":[490.0,448.0,57.0,12.0],"Polygon":[448.0,490.0,505.0,490.0,505.0,502.0,448.0,502.0],"IndexInText":1158,"OcrConfidence":-1.0,"Text":"registration","VisualLineNumber":19},{"Box":[490.0,510.0,11.0,9.0],"Polygon":[510.0,490.0,521.0,490.0,521.0,499.0,510.0,499.0],"IndexInText":1171,"OcrConfidence":-1.0,"Text":"of","VisualLineNumber":19},{"Box":[490.0,525.0,15.9999,9.0],"Polygon":[525.0,490.0,541.0,490.0,541.0,499.0,525.0,499.0],"IndexInText":1174,"OcrConfidence":-1.0,"Text":"the","VisualLineNumber":19}]}]},{"IndexInText":1179,"Language":"eng","Length":80,"Rotation":"None","SkewAngle":0.0,"Type":"Paragraph","WordGroups":[{"IndexInText":1179,"Length":80,"Type":"Other","Words":[{"Box":[526.0,46.0,32.0,9.0],"Polygon":[46.0,526.0,78.0,526.0,78.0,535.0,46.0,535.0],"IndexInText":1179,"OcrConfidence":-1.0,"Text":"*VWe","VisualLineNumber":21},{"Box":[526.0,81.0,38.0,9.0],"Polygon":[81.0,526.0,119.0,526.0,119.0,535.0,81.0,535.0],"IndexInText":1184,"OcrConfidence":-1.0,"Text":"enclcse","VisualLineNumber":21},{"Box":[526.0,122.0,15.0,9.0],"Polygon":[122.0,526.0,137.0,526.0,137.0,535.0,122.0,535.0],"IndexInText":1192,"OcrConfidence":-1.0,"Text":"the","VisualLineNumber":21},{"Box":[526.0,140.0,21.0,9.0],"Polygon":[140.0,526.0,161.0,526.0,161.0,535.0,140.0,535.0],"IndexInText":1196,"OcrConfidence":-1.0,"Text":"\"No","VisualLineNumber":21},{"Box":[526.0,164.0,48.9999,12.0],"Polygon":[164.0,526.0,213.0,526.0,213.0,538.0,164.0,538.0],"IndexInText":1200,"OcrConfidence":-1.0,"Text":"Objection","VisualLineNumber":21},{"Box":[526.0,216.0,58.0,9.0],"Polygon":[216.0,526.0,274.0,526.0,274.0,535.0,216.0,535.0],"IndexInText":1210,"OcrConfidence":-1.0,"Text":"Certificate\"","VisualLineNumber":21},{"Box":[526.0,277.0,32.0,9.0],"Polygon":[277.0,526.0,309.0,526.0,309.0,535.0,277.0,535.0],"IndexInText":1223,"OcrConfidence":-1.0,"Text":"issued","VisualLineNumber":21},{"Box":[526.0,312.0,11.0,12.0],"Polygon":[312.0,526.0,323.0,526.0,323.0,538.0,312.0,538.0],"IndexInText":1230,"OcrConfidence":-1.0,"Text":"by","VisualLineNumber":21},{"Box":[526.0,327.0,15.0,9.0],"Polygon":[327.0,526.0,342.0,526.0,342.0,535.0,327.0,535.0],"IndexInText":1233,"OcrConfidence":-1.0,"Text":"tie","VisualLineNumber":21},{"Box":[526.0,345.0,58.0001,12.0],"Polygon":[345.0,526.0,403.0,526.0,403.0,538.0,345.0,538.0],"IndexInText":1237,"OcrConfidence":-1.0,"Text":"Registering","VisualLineNumber":21},{"Box":[526.0,406.0,51.0001,12.0],"Polygon":[406.0,526.0,457.0,526.0,457.0,538.0,406.0,538.0],"IndexInText":1249,"OcrConfidence":-1.0,"Text":"Authority.","VisualLineNumber":21}]}]},{"IndexInText":1261,"Language":"eng","Length":204,"Rotation":"None","SkewAngle":0.0,"Type":"Paragraph","WordGroups":[{"IndexInText":1261,"Length":204,"Type":"Other","Words":[{"Box":[547.0,47.0,5.0,5.0],"Polygon":[47.0,547.0,52.0,547.0,52.0,552.0,47.0,552.0],"IndexInText":1261,"OcrConfidence":-1.0,"Text":"*","VisualLineNumber":22},{"Box":[547.0,54.0,14.0,9.0],"Polygon":[54.0,547.0,68.0,547.0,68.0,556.0,54.0,556.0],"IndexInText":1263,"OcrConfidence":-1.0,"Text":"*If","VisualLineNumber":22},{"Box":[547.0,73.0,15.0,9.0],"Polygon":[73.0,547.0,88.0,547.0,88.0,556.0,73.0,556.0],"IndexInText":1267,"OcrConfidence":-1.0,"Text":"tte","VisualLineNumber":22},{"Box":[547.0,93.0,21.0,9.0],"Polygon":[93.0,547.0,114.0,547.0,114.0,556.0,93.0,556.0],"IndexInText":1271,"OcrConfidence":-1.0,"Text":"\"No","VisualLineNumber":22},{"Box":[547.0,119.0,48.9999,12.0],"Polygon":[119.0,547.0,168.0,547.0,168.0,559.0,119.0,559.0],"IndexInText":1275,"OcrConfidence":-1.0,"Text":"Objection","VisualLineNumber":22},{"Box":[547.0,173.0,57.9999,9.0],"Polygon":[173.0,547.0,231.0,547.0,231.0,556.0,173.0,556.0],"IndexInText":1285,"OcrConfidence":-1.0,"Text":"Certificate\"","VisualLineNumber":22},{"Box":[547.0,237.0,31.0,9.0],"Polygon":[237.0,547.0,268.0,547.0,268.0,556.0,237.0,556.0],"IndexInText":1298,"OcrConfidence":-1.0,"Text":"isswd","VisualLineNumber":22},{"Box":[547.0,273.0,24.0,9.0],"Polygon":[273.0,547.0,297.0,547.0,297.0,556.0,273.0,556.0],"IndexInText":1304,"OcrConfidence":-1.0,"Text":"from","VisualLineNumber":22},{"Box":[547.0,302.0,15.0,9.0],"Polygon":[302.0,547.0,317.0,547.0,317.0,556.0,302.0,556.0],"IndexInText":1309,"OcrConfidence":-1.0,"Text":"tte","VisualLineNumber":22},{"Box":[547.0,322.0,58.0001,12.0],"Polygon":[322.0,547.0,380.0,547.0,380.0,559.0,322.0,559.0],"IndexInText":1313,"OcrConfidence":-1.0,"Text":"Registering","VisualLineNumber":22},{"Box":[547.0,384.0,49.0002,12.0],"Polygon":[384.0,547.0,433.0,547.0,433.0,559.0,384.0,559.0],"IndexInText":1325,"OcrConfidence":-1.0,"Text":"Authority","VisualLineNumber":22},{"Box":[548.0,439.0,7.0,8.0],"Polygon":[439.0,548.0,446.0,548.0,446.0,556.0,439.0,556.0],"IndexInText":1335,"OcrConfidence":-1.0,"Text":"is","VisualLineNumber":22},{"Box":[548.0,452.0,16.0,8.0],"Polygon":[452.0,548.0,468.0,548.0,468.0,556.0,452.0,556.0],"IndexInText":1338,"OcrConfidence":-1.0,"Text":"not","VisualLineNumber":22},{"Box":[547.0,473.0,47.0,11.0],"Polygon":[473.0,547.0,520.0,547.0,520.0,558.0,473.0,558.0],"IndexInText":1342,"OcrConfidence":-1.0,"Text":"enclosed,","VisualLineNumber":22},{"Box":[547.0,526.0,15.0,9.0],"Polygon":[526.0,547.0,541.0,547.0,541.0,556.0,526.0,556.0],"IndexInText":1352,"OcrConfidence":-1.0,"Text":"the","VisualLineNumber":22},{"Box":[561.0,6.0,48.0,9.0],"Polygon":[6.0,561.0,54.0,561.0,54.0,570.0,6.0,570.0],"IndexInText":1356,"OcrConfidence":-1.0,"Text":"transferor","VisualLineNumber":23},{"Box":[561.0,58.0,33.0,9.0],"Polygon":[58.0,561.0,91.0,561.0,91.0,570.0,58.0,570.0],"IndexInText":1367,"OcrConfidence":-1.0,"Text":"should","VisualLineNumber":23},{"Box":[561.0,95.0,16.0,9.0],"Polygon":[95.0,561.0,111.0,561.0,111.0,570.0,95.0,570.0],"IndexInText":1374,"OcrConfidence":-1.0,"Text":"file","VisualLineNumber":23},{"Box":[561.0,114.0,28.0,12.0],"Polygon":[114.0,561.0,142.0,561.0,142.0,573.0,114.0,573.0],"IndexInText":1379,"OcrConfidence":-1.0,"Text":"along","VisualLineNumber":23},{"Box":[561.0,146.0,22.0,9.0],"Polygon":[146.0,561.0,168.0,561.0,168.0,570.0,146.0,570.0],"IndexInText":1385,"OcrConfidence":-1.0,"Text":"with","VisualLineNumber":23},{"Box":[561.0,172.0,17.0,9.0],"Polygon":[172.0,561.0,189.0,561.0,189.0,570.0,172.0,570.0],"IndexInText":1390,"OcrConfidence":-1.0,"Text":"this","VisualLineNumber":23},{"Box":[561.0,193.0,56.0,12.0],"Polygon":[193.0,561.0,249.0,561.0,249.0,573.0,193.0,573.0],"IndexInText":1395,"OcrConfidence":-1.0,"Text":"application","VisualLineNumber":23},{"Box":[564.0,252.0,6.0,6.0],"Polygon":[252.0,564.0,258.0,564.0,258.0,570.0,252.0,570.0],"IndexInText":1407,"OcrConfidence":-1.0,"Text":"a","VisualLineNumber":23},{"Box":[561.0,262.0,55.0,9.0],"Polygon":[262.0,561.0,317.0,561.0,317.0,570.0,262.0,570.0],"IndexInText":1409,"OcrConfidence":-1.0,"Text":"declaration","VisualLineNumber":23},{"Box":[564.0,320.0,11.0,6.0],"Polygon":[320.0,564.0,331.0,564.0,331.0,570.0,320.0,570.0],"IndexInText":1421,"OcrConfidence":-1.0,"Text":"as","VisualLineNumber":23},{"Box":[561.0,334.0,42.0,12.0],"Polygon":[334.0,561.0,376.0,561.0,376.0,573.0,334.0,573.0],"IndexInText":1424,"OcrConfidence":-1.0,"Text":"required","VisualLineNumber":23},{"Box":[561.0,380.0,28.0,9.0],"Polygon":[380.0,561.0,408.0,561.0,408.0,570.0,380.0,570.0],"IndexInText":1433,"OcrConfidence":-1.0,"Text":"unchr","VisualLineNumber":23},{"Box":[561.0,412.0,57.0,9.0],"Polygon":[412.0,561.0,469.0,561.0,469.0,570.0,412.0,570.0],"IndexInText":1439,"OcrConfidence":-1.0,"Text":"sub-section","VisualLineNumber":23},{"Box":[561.0,473.0,14.0,11.0],"Polygon":[473.0,561.0,487.0,561.0,487.0,572.0,473.0,572.0],"IndexInText":1451,"OcrConfidence":-1.0,"Text":"(I)","VisualLineNumber":23},{"Box":[561.0,491.0,11.0,9.0],"Polygon":[491.0,561.0,502.0,561.0,502.0,570.0,491.0,570.0],"IndexInText":1455,"OcrConfidence":-1.0,"Text":"of","VisualLineNumber":23},{"Box":[562.0,505.0,36.0001,8.0],"Polygon":[505.0,562.0,541.0,562.0,541.0,570.0,505.0,570.0],"IndexInText":1458,"OcrConfidence":-1.0,"Text":"section","VisualLineNumber":23}]}]},{"IndexInText":1467,"Language":"eng","Length":80,"Rotation":"None","SkewAngle":0.0,"Type":"Paragraph","WordGroups":[{"IndexInText":1467,"Length":39,"Type":"Other","Words":[{"Box":[640.0,6.0,41.0,9.0],"Polygon":[6.0,640.0,47.0,640.0,47.0,649.0,6.0,649.0],"IndexInText":1467,"OcrConfidence":-1.0,"Text":"*Ihtails","VisualLineNumber":25},{"Box":[640.0,50.0,11.0,9.0],"Polygon":[50.0,640.0,61.0,640.0,61.0,649.0,50.0,649.0],"IndexInText":1476,"OcrConfidence":-1.0,"Text":"of","VisualLineNumber":25},{"Box":[640.0,64.0,54.0,12.0],"Polygon":[64.0,640.0,118.0,640.0,118.0,652.0,64.0,652.0],"IndexInText":1479,"OcrConfidence":-1.0,"Text":"suspension","VisualLineNumber":25},{"Box":[643.0,121.0,11.0,6.0],"Polygon":[121.0,643.0,132.0,643.0,132.0,649.0,121.0,649.0],"IndexInText":1490,"OcrConfidence":-1.0,"Text":"or","VisualLineNumber":25},{"Box":[640.0,135.0,63.0001,9.0],"Polygon":[135.0,640.0,198.0,640.0,198.0,649.0,135.0,649.0],"IndexInText":1493,"OcrConfidence":-1.0,"Text":"cancellation.","VisualLineNumber":25}]},{"IndexInText":1507,"Length":40,"Type":"Other","Words":[{"Box":[661.0,6.0,5.0,5.0],"Polygon":[6.0,661.0,11.0,661.0,11.0,666.0,6.0,666.0],"IndexInText":1507,"OcrConfidence":-1.0,"Text":"*","VisualLineNumber":26},{"Box":[661.0,13.0,34.0,9.0],"Polygon":[13.0,661.0,47.0,661.0,47.0,670.0,13.0,670.0],"IndexInText":1509,"OcrConfidence":-1.0,"Text":"*Strike","VisualLineNumber":26},{"Box":[662.0,51.0,16.0,8.0],"Polygon":[51.0,662.0,67.0,662.0,67.0,670.0,51.0,670.0],"IndexInText":1517,"OcrConfidence":-1.0,"Text":"out","VisualLineNumber":26},{"Box":[661.0,70.0,52.0,9.0],"Polygon":[70.0,661.0,122.0,661.0,122.0,670.0,70.0,670.0],"IndexInText":1521,"OcrConfidence":-1.0,"Text":"whichever","VisualLineNumber":26},{"Box":[662.0,126.0,7.0,8.0],"Polygon":[126.0,662.0,133.0,662.0,133.0,670.0,126.0,670.0],"IndexInText":1531,"OcrConfidence":-1.0,"Text":"is","VisualLineNumber":26},{"Box":[661.0,137.0,64.0001,11.0],"Polygon":[137.0,661.0,201.0,661.0,201.0,672.0,137.0,672.0],"IndexInText":1534,"OcrConfidence":-1.0,"Text":"inapplicable.","VisualLineNumber":26}]}]},{"IndexInText":1549,"Language":"eng","Length":100,"Rotation":"None","SkewAngle":0.0,"Type":"Paragraph","WordGroups":[{"IndexInText":1549,"Length":100,"Type":"Other","Words":[{"Box":[619.0,294.0,48.0,12.0],"Polygon":[294.0,619.0,342.0,619.0,342.0,631.0,294.0,631.0],"IndexInText":1549,"OcrConfidence":-1.0,"Text":"Signature","VisualLineNumber":24},{"Box":[622.0,345.0,11.0,6.0],"Polygon":[345.0,622.0,356.0,622.0,356.0,628.0,345.0,628.0],"IndexInText":1559,"OcrConfidence":-1.0,"Text":"or","VisualLineNumber":24},{"Box":[619.0,359.0,31.0,9.0],"Polygon":[359.0,619.0,390.0,619.0,390.0,628.0,359.0,628.0],"IndexInText":1562,"OcrConfidence":-1.0,"Text":"thun%","VisualLineNumber":24},{"Box":[619.0,393.0,55.0,12.0],"Polygon":[393.0,619.0,448.0,619.0,448.0,631.0,393.0,631.0],"IndexInText":1568,"OcrConfidence":-1.0,"Text":"impression","VisualLineNumber":24},{"Box":[619.0,452.0,11.0,9.0],"Polygon":[452.0,619.0,463.0,619.0,463.0,628.0,452.0,628.0],"IndexInText":1579,"OcrConfidence":-1.0,"Text":"of","VisualLineNumber":24},{"Box":[619.0,465.0,15.0,9.0],"Polygon":[465.0,619.0,480.0,619.0,480.0,628.0,465.0,628.0],"IndexInText":1582,"OcrConfidence":-1.0,"Text":"tie","VisualLineNumber":24},{"Box":[619.0,483.0,52.9999,9.0],"Polygon":[483.0,619.0,536.0,619.0,536.0,628.0,483.0,628.0],"IndexInText":1586,"OcrConfidence":-1.0,"Text":"Transferor","VisualLineNumber":24},{"Box":[643.0,305.0,55.0,13.0],"Polygon":[305.0,643.0,360.0,643.0,360.0,656.0,305.0,656.0],"IndexInText":1597,"OcrConfidence":-1.0,"Text":"Signature","VisualLineNumber":25},{"Box":[643.0,363.0,13.0,10.0],"Polygon":[363.0,643.0,376.0,643.0,376.0,653.0,363.0,653.0],"IndexInText":1607,"OcrConfidence":-1.0,"Text":"of","VisualLineNumber":25},{"Box":[643.0,378.0,19.0,10.0],"Polygon":[378.0,643.0,397.0,643.0,397.0,653.0,378.0,653.0],"IndexInText":1610,"OcrConfidence":-1.0,"Text":"the","VisualLineNumber":25},{"Box":[643.0,399.0,62.9999,12.0],"Polygon":[399.0,643.0,462.0,643.0,462.0,655.0,399.0,655.0],"IndexInText":1614,"OcrConfidence":-1.0,"Text":"Transferor(","VisualLineNumber":25},{"Box":[643.0,465.0,27.0,10.0],"Polygon":[465.0,643.0,492.0,643.0,492.0,653.0,465.0,653.0],"IndexInText":1626,"OcrConfidence":-1.0,"Text":"Who","VisualLineNumber":25},{"Box":[643.0,495.0,8.0,10.0],"Polygon":[495.0,643.0,503.0,643.0,503.0,653.0,495.0,653.0],"IndexInText":1630,"OcrConfidence":-1.0,"Text":"is","VisualLineNumber":25},{"Box":[643.0,507.0,36.0002,13.0],"Polygon":[507.0,643.0,543.0,643.0,543.0,656.0,507.0,656.0],"IndexInText":1633,"OcrConfidence":-1.0,"Text":"selling","VisualLineNumber":25},{"Box":[643.0,546.0,44.0,12.0],"Polygon":[546.0,643.0,590.0,643.0,590.0,655.0,546.0,655.0],"IndexInText":1641,"OcrConfidence":-1.0,"Text":"vehicle)","VisualLineNumber":25}]}]}],"ProcessingSource":"Ocr","IndexInText":0,"TextLength":1649,"SkewAngle":0.0}]}